

INSERT INTO Members (MB_ID, MB_NAME, MB_BIRTH, MB_ADRESS, MB_PHONE, MB_EMAIL, MB_ENTRYDATE)
VALUES (1, 'Jose Luis Martinez', '1998-10-06', 'Colon 289', '3513695600', '', '2023-05-12');
INSERT INTO members (MB_ID, MB_NAME, MB_BIRTH, MB_ADRESS, MB_PHONE, MB_EMAIL, MB_ENTRYDATE)
VALUES (2, 'Martina Gonzalez', '1990-05-15', 'Belgrano 860', '3516569821', 'martina.gonzalez@gmail.com', '2023-05-20');
INSERT INTO members (MB_ID, MB_NAME, MB_BIRTH, MB_ADRESS, MB_PHONE, MB_EMAIL, MB_ENTRYDATE)
VALUES (3, 'Luciano Rios', '1988-11-26', 'Alvear 525', '3513955217', 'lucho_rios80@gmail.com', '2023-05-30');
INSERT INTO members (MB_ID, MB_NAME, MB_BIRTH, MB_ADRESS, MB_PHONE, MB_EMAIL, MB_ENTRYDATE)
VALUES (4, 'Lucas Sanchez', '1992-02-03', 'Humberto Primo 310', '3513748500', '', '2023-06-05');
INSERT INTO members (MB_ID, MB_NAME, MB_BIRTH, MB_ADRESS, MB_PHONE, MB_EMAIL, MB_ENTRYDATE)
VALUES (5, 'Lara Lopez', '1985-10-20', 'Chacabuco 780', '3516223067', 'lopez.lara@yahoo.com.ar', '2023-06-06');


INSERT INTO Authors(AU_ID, AU_NAME)
VALUES(1, 'Edgar Allan Poe');
INSERT INTO Authors(AU_ID, AU_NAME)
VALUES(2, 'J. K. Rowling');
INSERT INTO Authors(AU_ID, AU_NAME)
VALUES(3, 'J. R. R. Tolkien');
INSERT INTO Authors(AU_ID, AU_NAME)
VALUES(4, 'Antoine de Saint-Exupery');
INSERT INTO Authors(AU_ID, AU_NAME)
VALUES(5, 'Gabriel García Márquez');
INSERT INTO Authors(AU_ID, AU_NAME)
VALUES(6, 'Jane Austen');



INSERT INTO Publishers(PB_ID, PB_NAME)
VALUES(1, 'Claridad');
INSERT INTO Publishers(PB_ID, PB_NAME)
VALUES(2, 'Salamandra');
INSERT INTO Publishers(PB_ID, PB_NAME)
VALUES(3, 'Minotauro');
INSERT INTO Publishers(PB_ID, PB_NAME)
VALUES(4, 'El Ateneo');
INSERT INTO Publishers(PB_ID, PB_NAME)
VALUES(5, 'Sudamericana');
INSERT INTO Publishers(PB_ID, PB_NAME)
VALUES(6, 'Alianza');



INSERT INTO Books(BK_ID, BK_TITLE, BK_AUTHOR, BK_PUBLISHER, BK_YEAR, BK_GENRE, BK_AMOUNT)
VALUES(1, 'Harry Potter y La Piedra Filosofal', 2, 2, '2020', 'Novela Fantástica', 2);

INSERT INTO Books(BK_ID, BK_TITLE, BK_AUTHOR, BK_PUBLISHER, BK_YEAR, BK_GENRE, BK_AMOUNT)
VALUES(2, 'El Señor De Los Anillos La Comunidad Del Anillo', 3, 3, '2021','Novela Literaria', 3);

INSERT INTO Books(BK_ID, BK_TITLE, BK_AUTHOR, BK_PUBLISHER, BK_YEAR, BK_GENRE, BK_AMOUNT)
VALUES(3, 'El Principito', 4, 4, '2016', 'Literatura infantil', 1);

INSERT INTO Books(BK_ID, BK_TITLE, BK_AUTHOR, BK_PUBLISHER, BK_YEAR, BK_GENRE, BK_AMOUNT)
VALUES(4, 'Cien Años De Soledad', 5, 5, '1967', 'Novela', 1);

INSERT INTO Books(BK_ID, BK_TITLE, BK_AUTHOR, BK_PUBLISHER, BK_YEAR, BK_GENRE, BK_AMOUNT)
VALUES(5,'El Señor De Los Anillos Las Dos Torres',3, 3, '2021','Novela Literaria', 2);

INSERT INTO Books(BK_ID, BK_TITLE, BK_AUTHOR, BK_PUBLISHER, BK_YEAR, BK_GENRE, BK_AMOUNT)
VALUES(6,'El Hobbit',3, 3, '2021','Novela Literaria', 2);

INSERT INTO Books(BK_ID, BK_TITLE, BK_AUTHOR, BK_PUBLISHER, BK_YEAR, BK_GENRE, BK_AMOUNT)
VALUES(7, 'El Cuervo', 1, 1, '2020', 'Poema', 1);

INSERT INTO Books(BK_ID, BK_TITLE, BK_AUTHOR, BK_PUBLISHER, BK_YEAR, BK_GENRE, BK_AMOUNT)
VALUES(8, 'El Gato Negro', 1, 1, '2020', 'Terror', 1);

INSERT INTO Books(BK_ID, BK_TITLE, BK_AUTHOR, BK_PUBLISHER, BK_YEAR, BK_GENRE, BK_AMOUNT)
VALUES(9, 'Harry Potter y La Camara Secreta', 2, 2, '2021', 'Novela Fantástica', 2);

INSERT INTO Books(BK_ID, BK_TITLE, BK_AUTHOR, BK_PUBLISHER, BK_YEAR, BK_GENRE, BK_AMOUNT)
VALUES(10, 'Crónica De Una Muerte Anunciada', 5, 5, '2005', 'Novela Policial', 1);

INSERT INTO Books(BK_ID, BK_TITLE, BK_AUTHOR, BK_PUBLISHER, BK_YEAR, BK_GENRE, BK_AMOUNT)
VALUES(11, 'Orgullo y Prejuicio', 6, 6, '2018', 'Novela Romántica', 2);

INSERT INTO Books(BK_ID, BK_TITLE, BK_AUTHOR, BK_PUBLISHER, BK_YEAR, BK_GENRE, BK_AMOUNT)
VALUES(12, 'Harry Potter y El Prisionero De Azkaban', 2, 2, '2021', 'Novela Fantástica', 3);

INSERT INTO Books(BK_ID, BK_TITLE, BK_AUTHOR, BK_PUBLISHER, BK_YEAR, BK_GENRE, BK_AMOUNT)
VALUES(13, 'El Corazon Delator', 1, 1, '2020', 'Terror', 1);

INSERT INTO Books(BK_ID, BK_TITLE, BK_AUTHOR, BK_PUBLISHER, BK_YEAR, BK_GENRE, BK_AMOUNT)
VALUES(14, 'El Amor En Tiempos Del Cólera', 5, 5, '2005', 'Novela', 1);

INSERT INTO Books(BK_ID, BK_TITLE, BK_AUTHOR, BK_PUBLISHER, BK_YEAR, BK_GENRE, BK_AMOUNT)
VALUES(15, 'Harry Potter y El Cáliz De Fuego', 2, 2, '2021', 'Novela Fantástica', 3);


INSERT INTO Loans (LO_ID, LO_BOOKID, LO_MEMBERID, LO_LOANDATE, LO_LOANLIMITDATE, LO_RETURNDATE, LO_STATE)
VALUES (1, 1, 2, '2023-07-05', '2023-07-19', '2023-07-18', 'DEVUELTO');

INSERT INTO Loans (LO_ID, LO_BOOKID, LO_MEMBERID, LO_LOANDATE, LO_LOANLIMITDATE, LO_RETURNDATE, LO_STATE)
VALUES (2, 3, 5, '2023-07-08', '2023-07-22', '2023-07-24', 'DEVUELTO');

INSERT INTO Loans (LO_ID, LO_BOOKID, LO_MEMBERID, LO_LOANDATE, LO_LOANLIMITDATE, LO_RETURNDATE, LO_STATE)
VALUES (3, 5, 1, '2023-07-11', '2023-07-25', '2023-07-25', 'DEVUELTO');

INSERT INTO Loans (LO_ID, LO_BOOKID, LO_MEMBERID, LO_LOANDATE, LO_LOANLIMITDATE, LO_RETURNDATE, LO_STATE)
VALUES (4, 7, 4, '2023-07-11', '2023-07-25', '2023-07-24', 'DEVUELTO');

INSERT INTO Loans (LO_ID, LO_BOOKID, LO_MEMBERID, LO_LOANDATE, LO_LOANLIMITDATE, LO_RETURNDATE, LO_STATE)
VALUES (5, 9, 1, '2023-07-15', '2023-07-29', NULL, 'NO DEVUELTO');

INSERT INTO Loans (LO_ID, LO_BOOKID, LO_MEMBERID, LO_LOANDATE, LO_LOANLIMITDATE, LO_RETURNDATE, LO_STATE)
VALUES (6, 2, 2, '2023-07-20', '2023-08-03', NULL, 'NO DEVUELTO');

INSERT INTO Loans (LO_ID, LO_BOOKID, LO_MEMBERID, LO_LOANDATE, LO_LOANLIMITDATE, LO_RETURNDATE, LO_STATE)
VALUES (7, 4, 4, '2023-08-02', '2023-08-16', NULL, 'PRESTADO');

INSERT INTO Loans (LO_ID, LO_BOOKID, LO_MEMBERID, LO_LOANDATE, LO_LOANLIMITDATE, LO_RETURNDATE, LO_STATE)
VALUES (8, 6, 3, '2023-08-03', '2023-08-17', NULL, 'PRESTADO');

INSERT INTO Loans (LO_ID, LO_BOOKID, LO_MEMBERID, LO_LOANDATE, LO_LOANLIMITDATE, LO_RETURNDATE, LO_STATE)
VALUES (9, 8, 5, '2023-08-03', '2023-08-17', NULL, 'PRESTADO');

INSERT INTO Loans (LO_ID, LO_BOOKID, LO_MEMBERID, LO_LOANDATE, LO_LOANLIMITDATE, LO_RETURNDATE, LO_STATE)
VALUES (10, 10, 1, '2023-08-04', '2023-08-18', NULL, 'PRESTADO');





